<Ui xmlns="http://www.blizzard.com/wow/ui/" xmlns:xsi="http://www.w3.org/2001/XMLSchema-instance" xsi:schemaLocation="http://www.blizzard.com/wow/ui/
..\FrameXML\UI.xsd">
<Include file="TidyPlatesLocales.xml" />
<Script file="TidyPlatesCustomStatusbar.lua"/>
<Script file="TidyPlatesCore.lua"/>
<Script file="TidyPlatesUtility.lua"/>
<Script file="TidyPlatesDefaults.lua"/>
<Script file="TidyPlatesPanel.lua"/>
<Script file="TidyPlatesMinimapButton.lua"/>
<Script file="TidyPlatesSpellCastMonitor.lua"/>
<Include file="TidyPlatesWidgets.xml" />
<Include file="TidyPlatesHub.xml" />
</Ui>