<Ui xmlns="http://www.blizzard.com/wow/ui" xmlns:xsi="http://www.w3.org/2001/XMLSchema-instance">
  <!--Autogenerated by wowuides, Version=1.0.300.0, Culture=neutral, PublicKeyToken=null-->
  <Frame name="AutoInviteWindow" hidden="true" movable="true" enableKeyboard="true">
    <!--<FrameSkin skinid="dcb143e1-a4ab-4e7c-b934-1efa40101d21" frameid="2d508883-59c2-4f83-ae10-27aaad48391b" />-->
    <Size>
      <AbsDimension x="398" y="623" />
    </Size>
    <Anchors>
      <Anchor point="CENTER" relativeTo="UIParent">
        <Offset>
          <AbsDimension x="0" y="0" />
        </Offset>
      </Anchor>
    </Anchors>
    <Backdrop bgFile="Interface\DialogFrame\UI-DialogBox-Background" edgeFile="Interface\DialogFrame\UI-DialogBox-Border" tile="true">
      <BackgroundInsets>
        <AbsInset left="11" right="12" top="12" bottom="11" />
      </BackgroundInsets>
      <TileSize>
        <AbsValue val="32" />
      </TileSize>
      <EdgeSize>
        <AbsValue val="32" />
      </EdgeSize>
    </Backdrop>
    <Layers>
      <Layer>
        <Texture name="$parentTitleBorder" file="Interface\DialogFrame\UI-DialogBox-Header">
          <Size>
            <AbsDimension x="160" y="32" />
          </Size>
          <Anchors>
            <Anchor point="TOP">
              <Offset>
                <AbsDimension x="0" y="5" />
              </Offset>
            </Anchor>
          </Anchors>
          <TexCoords left="0.2" right="0.8" top="0" bottom="0.6" />
        </Texture>
        <FontString name="$parentTitleString" font="Fonts\FRIZQT__.TTF" text="AutoInvite 2.3.5">
          <Size>
            <AbsDimension x="140" y="0" />
          </Size>
          <Anchors>
            <Anchor point="TOP">
              <Offset>
                <AbsDimension x="0" y="-4" />
              </Offset>
            </Anchor>
          </Anchors>
          <FontHeight>
            <AbsValue val="12" />
          </FontHeight>
          <Color r="1" g="0.8196079" b="0" />
          <Shadow>
            <Color r="0" g="0" b="0" />
            <Offset>
              <AbsDimension x="1" y="-1" />
            </Offset>
          </Shadow>
        </FontString>
      </Layer>
    </Layers>
    <Frames>
      <Button name="queListOpen" text="Open">
        <!--<FrameSkin skinid="f15d4970-d66d-444e-bb2d-1ad102c87fed" frameid="f15d4973-d66d-444e-bb2d-1ad102c87fed" />-->
        <Size>
          <AbsDimension x="70" y="27" />
        </Size>
        <Anchors>
          <Anchor point="TOPLEFT">
            <Offset>
              <AbsDimension x="196" y="-132" />
            </Offset>
          </Anchor>
        </Anchors>
        <Scripts>
          <OnMouseUp>AIQueList_Setup();
</OnMouseUp>
        </Scripts>
        <NormalTexture file="Interface\Buttons\UI-Panel-Button-Up">
          <TexCoords left="0" right="0.625" top="0" bottom="0.6875" />
        </NormalTexture>
        <PushedTexture file="Interface\Buttons\UI-Panel-Button-Down">
          <TexCoords left="0" right="0.625" top="0" bottom="0.6875" />
        </PushedTexture>
        <DisabledTexture file="Interface\Buttons\UI-Panel-Button-Disabled">
          <TexCoords left="0" right="0.625" top="0" bottom="0.6875" />
        </DisabledTexture>
        <HighlightTexture file="Interface\Buttons\UI-Panel-Button-Highlight" alphaMode="ADD">
          <TexCoords left="0" right="0.625" top="0" bottom="0.6875" />
        </HighlightTexture>
        <ButtonText name="$parentText">
          <FontHeight>
            <AbsValue val="10" />
          </FontHeight>
        </ButtonText>
        <NormalFont style="GameFontNormal" />
        <HighlightFont style="GameFontHighlight" />
        <DisabledFont style="GameFontDisable" />
        <PushedTextOffset x="0" y="0" />
      </Button>
      <EditBox name="maxRaiders" enableMouse="true">
        <!--<FrameSkin skinid="dcb143e1-a4ab-4e7c-b934-1efa40101d21" frameid="2d508887-59c2-4f83-ae10-27aaad48391b" />-->
        <Size>
          <AbsDimension x="47" y="25" />
        </Size>
        <Anchors>
          <Anchor point="TOPLEFT">
            <Offset>
              <AbsDimension x="206" y="-105" />
            </Offset>
          </Anchor>
        </Anchors>
        <Layers>
          <Layer level="BACKGROUND">
            <Texture name="$parentLeft" file="Interface\Common\Common-Input-Border">
              <Size>
                <AbsDimension x="8" y="20" />
              </Size>
              <Anchors>
                <Anchor point="LEFT" />
              </Anchors>
              <TexCoords left="0" right="0.0625" top="0" bottom="0.625" />
            </Texture>
            <Texture name="$parentRight" file="Interface\Common\Common-Input-Border">
              <Size>
                <AbsDimension x="8" y="20" />
              </Size>
              <Anchors>
                <Anchor point="RIGHT" />
              </Anchors>
              <TexCoords left="0.9375" right="1" top="0" bottom="0.625" />
            </Texture>
            <Texture name="$parentMiddle" file="Interface\Common\Common-Input-Border">
              <Size>
                <AbsDimension x="10" y="20" />
              </Size>
              <Anchors>
                <Anchor point="LEFT" relativeTo="$parentLeft" relativePoint="RIGHT" />
                <Anchor point="RIGHT" relativeTo="$parentRight" relativePoint="LEFT" />
              </Anchors>
              <TexCoords left="0.0625" right="0.9375" top="0" bottom="0.625" />
            </Texture>
          </Layer>
        </Layers>
        <Scripts>
          <OnUpdate>AutoInvite_editUpdate();
</OnUpdate>
          <OnEnterPressed>maxRaiders:ClearFocus();
</OnEnterPressed>
          <OnEscapePressed>maxRaiders:ClearFocus();
</OnEscapePressed>
        </Scripts>
        <FontString font="Fonts\ARIALN.TTF">
          <FontHeight>
            <AbsValue val="14" />
          </FontHeight>
          <Color r="1" g="1" b="1" />
          <Shadow>
            <Color r="0" g="0" b="0" />
            <Offset>
              <AbsDimension x="1" y="-1" />
            </Offset>
          </Shadow>
        </FontString>
      </EditBox>
      <Frame name="maxRaidersLabel">
        <!--<FrameSkin skinid="dcb143e1-a4ab-4e7c-b934-1efa40101d21" frameid="2d508885-59c2-4f83-ae10-27aaad48391b" />-->
        <Size>
          <AbsDimension x="161" y="19" />
        </Size>
        <Anchors>
          <Anchor point="TOPLEFT">
            <Offset>
              <AbsDimension x="50" y="-108" />
            </Offset>
          </Anchor>
        </Anchors>
        <Layers>
          <Layer>
            <FontString name="$parentLabel" font="Fonts\FRIZQT__.TTF" text="Max Number of Players:" justifyH="LEFT">
              <Anchors>
                <Anchor point="TOPLEFT" />
                <Anchor point="BOTTOMRIGHT" />
              </Anchors>
              <FontHeight>
                <AbsValue val="12" />
              </FontHeight>
              <Color r="1" g="0.8196079" b="0" />
              <Shadow>
                <Color r="0" g="0" b="0" />
                <Offset>
                  <AbsDimension x="1" y="-1" />
                </Offset>
              </Shadow>
            </FontString>
          </Layer>
        </Layers>
      </Frame>
      <CheckButton name="maxMembersBox">
        <!--<FrameSkin skinid="dcb143e1-a4ab-4e7c-b934-1efa40101d21" frameid="2d508886-59c2-4f83-ae10-27aaad48391b"><Property name="Size">&lt;?xml version="1.0"?&gt;
&lt;Size xmlns:xsi="http://www.w3.org/2001/XMLSchema-instance" xmlns:xsd="http://www.w3.org/2001/XMLSchema"&gt;
  &lt;Width&gt;28&lt;/Width&gt;
  &lt;Height&gt;28&lt;/Height&gt;
&lt;/Size&gt;</Property></FrameSkin>-->
        <Size>
          <AbsDimension x="32" y="32" />
        </Size>
        <Anchors>
          <Anchor point="TOPLEFT">
            <Offset>
              <AbsDimension x="17" y="-104" />
            </Offset>
          </Anchor>
        </Anchors>
        <Layers>
          <Layer>
            <FontString name="$parentText" font="Fonts\FRIZQT__.TTF">
              <Anchors>
                <Anchor point="LEFT" relativePoint="RIGHT">
                  <Offset>
                    <AbsDimension x="-2" y="0" />
                  </Offset>
                </Anchor>
              </Anchors>
              <FontHeight>
                <AbsValue val="10" />
              </FontHeight>
              <Color r="1" g="0.8196079" b="0" />
              <Shadow>
                <Color r="0" g="0" b="0" />
                <Offset>
                  <AbsDimension x="1" y="-1" />
                </Offset>
              </Shadow>
            </FontString>
          </Layer>
        </Layers>
        <Scripts>
          <OnClick>AutoInvite_CheckBoxes();
</OnClick>
        </Scripts>
        <NormalTexture file="Interface\Buttons\UI-CheckBox-Up" />
        <PushedTexture file="Interface\Buttons\UI-CheckBox-Down" />
        <HighlightTexture file="Interface\Buttons\UI-CheckBox-Highlight" alphaMode="ADD" />
        <CheckedTexture file="Interface\Buttons\UI-CheckBox-Check" />
        <DisabledCheckedTexture file="Interface\Buttons\UI-CheckBox-Check-Disabled" />
      </CheckButton>
      <Frame name="$parentLabel4">
        <!--<FrameSkin skinid="f15d4970-d66d-444e-bb2d-1ad102c87fed" frameid="f15d4978-d66d-444e-bb2d-1ad102c87fed" />-->
        <Size>
          <AbsDimension x="95" y="19" />
        </Size>
        <Anchors>
          <Anchor point="TOPLEFT">
            <Offset>
              <AbsDimension x="50" y="-84" />
            </Offset>
          </Anchor>
        </Anchors>
        <Layers>
          <Layer>
            <FontString name="$parentLabel" setAllPoints="true" font="Fonts\FRIZQT__.TTF" text="Guildies Only" justifyH="LEFT">
              <FontHeight>
                <AbsValue val="12" />
              </FontHeight>
              <Color r="1" g="0.8196079" b="0" />
              <Shadow>
                <Color r="0" g="0" b="0" />
                <Offset>
                  <AbsDimension x="1" y="-1" />
                </Offset>
              </Shadow>
            </FontString>
          </Layer>
        </Layers>
      </Frame>
      <Frame name="$parentPanel2">
        <!--<FrameSkin skinid="dcb143e1-a4ab-4e7c-b934-1efa40101d21" frameid="2d508888-59c2-4f83-ae10-27aaad48391b" />-->
        <Size>
          <AbsDimension x="363" y="220" />
        </Size>
        <Anchors>
          <Anchor point="TOPLEFT">
            <Offset>
              <AbsDimension x="17" y="-386" />
            </Offset>
          </Anchor>
        </Anchors>
        <Backdrop bgFile="Interface\Tooltips\UI-Tooltip-Background" edgeFile="Interface\Tooltips\UI-Tooltip-Border" tile="true">
          <BackgroundInsets>
            <AbsInset left="5" right="5" top="5" bottom="5" />
          </BackgroundInsets>
          <TileSize>
            <AbsValue val="16" />
          </TileSize>
          <EdgeSize>
            <AbsValue val="16" />
          </EdgeSize>
        </Backdrop>
        <Frames>
          <Frame name="$parentLabel13">
            <!--<FrameSkin skinid="dcb143e1-a4ab-4e7c-b934-1efa40101d21" frameid="2d508885-59c2-4f83-ae10-27aaad48391b" />-->
            <Size>
              <AbsDimension x="262" y="13" />
            </Size>
            <Anchors>
              <Anchor point="TOPLEFT">
                <Offset>
                  <AbsDimension x="40" y="-196" />
                </Offset>
              </Anchor>
            </Anchors>
            <Layers>
              <Layer>
                <FontString name="$parentLabel" font="Fonts\FRIZQT__.TTF" text="* Each button will clear current queue" justifyH="LEFT">
                  <Anchors>
                    <Anchor point="TOPLEFT" />
                    <Anchor point="BOTTOMRIGHT" />
                  </Anchors>
                  <FontHeight>
                    <AbsValue val="12" />
                  </FontHeight>
                  <Color r="1" g="0.8196079" b="0" />
                  <Shadow>
                    <Color r="0" g="0" b="0" />
                    <Offset>
                      <AbsDimension x="1" y="-1" />
                    </Offset>
                  </Shadow>
                </FontString>
              </Layer>
            </Layers>
          </Frame>
          <Frame name="$parentLabel12">
            <!--<FrameSkin skinid="dcb143e1-a4ab-4e7c-b934-1efa40101d21" frameid="2d508885-59c2-4f83-ae10-27aaad48391b" />-->
            <Size>
              <AbsDimension x="168" y="19" />
            </Size>
            <Anchors>
              <Anchor point="TOPLEFT">
                <Offset>
                  <AbsDimension x="22" y="-146" />
                </Offset>
              </Anchor>
            </Anchors>
            <Layers>
              <Layer>
                <FontString name="$parentLabel" font="Fonts\FRIZQT__.TTF" text="Add To Queue:" justifyH="LEFT">
                  <Anchors>
                    <Anchor point="TOPLEFT" />
                    <Anchor point="BOTTOMRIGHT" />
                  </Anchors>
                  <FontHeight>
                    <AbsValue val="16" />
                  </FontHeight>
                  <Color r="1" g="0.8196079" b="0" />
                  <Shadow>
                    <Color r="0" g="0" b="0" />
                    <Offset>
                      <AbsDimension x="1" y="-1" />
                    </Offset>
                  </Shadow>
                </FontString>
              </Layer>
            </Layers>
          </Frame>
          <Button name="$parentButton4" text="Online Friends">
            <!--<FrameSkin skinid="dcb143e1-a4ab-4e7c-b934-1efa40101d21" frameid="2d508884-59c2-4f83-ae10-27aaad48391b" />-->
            <Size>
              <AbsDimension x="113" y="25" />
            </Size>
            <Anchors>
              <Anchor point="TOPLEFT">
                <Offset>
                  <AbsDimension x="136" y="-165" />
                </Offset>
              </Anchor>
            </Anchors>
            <Scripts>
              <OnClick>AutoInvite_InvOnlineFriends();
</OnClick>
            </Scripts>
            <NormalTexture file="Interface\Buttons\UI-Panel-Button-Up">
              <TexCoords left="0" right="0.625" top="0" bottom="0.6875" />
            </NormalTexture>
            <PushedTexture file="Interface\Buttons\UI-Panel-Button-Down">
              <TexCoords left="0" right="0.625" top="0" bottom="0.6875" />
            </PushedTexture>
            <DisabledTexture file="Interface\Buttons\UI-Panel-Button-Disabled">
              <TexCoords left="0" right="0.625" top="0" bottom="0.6875" />
            </DisabledTexture>
            <HighlightTexture file="Interface\Buttons\UI-Panel-Button-Highlight" alphaMode="ADD">
              <TexCoords left="0" right="0.625" top="0" bottom="0.6875" />
            </HighlightTexture>
            <ButtonText name="$parentText">
              <FontHeight>
                <AbsValue val="10" />
              </FontHeight>
            </ButtonText>
            <NormalFont style="GameFontNormal" />
            <HighlightFont style="GameFontHighlight" />
            <DisabledFont style="GameFontDisable" />
          </Button>
          <Button name="$parentButton3" text="Black List">
            <!--<FrameSkin skinid="f15d4970-d66d-444e-bb2d-1ad102c87fed" frameid="f15d4973-d66d-444e-bb2d-1ad102c87fed" />-->
            <Size>
              <AbsDimension x="109" y="24" />
            </Size>
            <Anchors>
              <Anchor point="TOPLEFT">
                <Offset>
                  <AbsDimension x="239" y="-67" />
                </Offset>
              </Anchor>
            </Anchors>
            <Scripts>
              <OnClick>AIBlackList_Toggle();
</OnClick>
            </Scripts>
            <NormalTexture file="Interface\Buttons\UI-Panel-Button-Up">
              <TexCoords left="0" right="0.625" top="0" bottom="0.6875" />
            </NormalTexture>
            <PushedTexture file="Interface\Buttons\UI-Panel-Button-Down">
              <TexCoords left="0" right="0.625" top="0" bottom="0.6875" />
            </PushedTexture>
            <DisabledTexture file="Interface\Buttons\UI-Panel-Button-Disabled">
              <TexCoords left="0" right="0.625" top="0" bottom="0.6875" />
            </DisabledTexture>
            <HighlightTexture file="Interface\Buttons\UI-Panel-Button-Highlight" alphaMode="ADD">
              <TexCoords left="0" right="0.625" top="0" bottom="0.6875" />
            </HighlightTexture>
            <ButtonText name="$parentText">
              <FontHeight>
                <AbsValue val="10" />
              </FontHeight>
            </ButtonText>
            <NormalFont style="GameFontNormal" />
            <HighlightFont style="GameFontHighlight" />
            <DisabledFont style="GameFontDisable" />
            <PushedTextOffset x="0" y="0" />
          </Button>
          <Frame name="$parentLabel9">
            <!--<FrameSkin skinid="f15d4970-d66d-444e-bb2d-1ad102c87fed" frameid="f15d4978-d66d-444e-bb2d-1ad102c87fed" />-->
            <Size>
              <AbsDimension x="76" y="21" />
            </Size>
            <Anchors>
              <Anchor point="TOPLEFT">
                <Offset>
                  <AbsDimension x="46" y="-36" />
                </Offset>
              </Anchor>
            </Anchors>
            <Layers>
              <Layer>
                <FontString name="$parentLabel" setAllPoints="true" font="Fonts\FRIZQT__.TTF" text="Guild Chat" justifyH="LEFT">
                  <FontHeight>
                    <AbsValue val="12" />
                  </FontHeight>
                  <Color r="1" g="1" b="1" />
                  <Shadow>
                    <Color r="0" g="0" b="0" />
                    <Offset>
                      <AbsDimension x="1" y="-1" />
                    </Offset>
                  </Shadow>
                </FontString>
              </Layer>
            </Layers>
          </Frame>
          <CheckButton name="guildListen">
            <!--<FrameSkin skinid="dcb143e1-a4ab-4e7c-b934-1efa40101d21" frameid="2d508886-59c2-4f83-ae10-27aaad48391b"><Property name="Size">&lt;?xml version="1.0"?&gt;
&lt;Size xmlns:xsi="http://www.w3.org/2001/XMLSchema-instance" xmlns:xsd="http://www.w3.org/2001/XMLSchema"&gt;
  &lt;Width&gt;20&lt;/Width&gt;
  &lt;Height&gt;20&lt;/Height&gt;
&lt;/Size&gt;</Property></FrameSkin>-->
            <Size>
              <AbsDimension x="32" y="32" />
            </Size>
            <Anchors>
              <Anchor point="TOPLEFT">
                <Offset>
                  <AbsDimension x="21" y="-34" />
                </Offset>
              </Anchor>
            </Anchors>
            <Layers>
              <Layer>
                <FontString name="$parentText" font="Fonts\FRIZQT__.TTF">
                  <Anchors>
                    <Anchor point="LEFT" relativePoint="RIGHT">
                      <Offset>
                        <AbsDimension x="-2" y="0" />
                      </Offset>
                    </Anchor>
                  </Anchors>
                  <FontHeight>
                    <AbsValue val="10" />
                  </FontHeight>
                  <Color r="1" g="0.8196079" b="0" />
                  <Shadow>
                    <Color r="0" g="0" b="0" />
                    <Offset>
                      <AbsDimension x="1" y="-1" />
                    </Offset>
                  </Shadow>
                </FontString>
              </Layer>
            </Layers>
            <Scripts>
              <OnClick>AutoInvite_CheckBoxes();
</OnClick>
            </Scripts>
            <NormalTexture file="Interface\Buttons\UI-CheckBox-Up" />
            <PushedTexture file="Interface\Buttons\UI-CheckBox-Down" />
            <HighlightTexture file="Interface\Buttons\UI-CheckBox-Highlight" alphaMode="ADD" />
            <CheckedTexture file="Interface\Buttons\UI-CheckBox-Check" />
            <DisabledCheckedTexture file="Interface\Buttons\UI-CheckBox-Check-Disabled" />
          </CheckButton>
          <Button name="$parentButton1" text="Guild">
            <!--<FrameSkin skinid="dcb143e1-a4ab-4e7c-b934-1efa40101d21" frameid="2d508884-59c2-4f83-ae10-27aaad48391b" />-->
            <Size>
              <AbsDimension x="109" y="25" />
            </Size>
            <Anchors>
              <Anchor point="TOPLEFT">
                <Offset>
                  <AbsDimension x="22" y="-165" />
                </Offset>
              </Anchor>
            </Anchors>
            <Scripts>
              <OnClick>AutoInvite_inviteGuild();
</OnClick>
            </Scripts>
            <NormalTexture file="Interface\Buttons\UI-Panel-Button-Up">
              <TexCoords left="0" right="0.625" top="0" bottom="0.6875" />
            </NormalTexture>
            <PushedTexture file="Interface\Buttons\UI-Panel-Button-Down">
              <TexCoords left="0" right="0.625" top="0" bottom="0.6875" />
            </PushedTexture>
            <DisabledTexture file="Interface\Buttons\UI-Panel-Button-Disabled">
              <TexCoords left="0" right="0.625" top="0" bottom="0.6875" />
            </DisabledTexture>
            <HighlightTexture file="Interface\Buttons\UI-Panel-Button-Highlight" alphaMode="ADD">
              <TexCoords left="0" right="0.625" top="0" bottom="0.6875" />
            </HighlightTexture>
            <ButtonText name="$parentText">
              <FontHeight>
                <AbsValue val="10" />
              </FontHeight>
            </ButtonText>
            <NormalFont style="GameFontNormal" />
            <HighlightFont style="GameFontHighlight" />
            <DisabledFont style="GameFontDisable" />
          </Button>
          <Frame name="$parentLabel6">
            <!--<FrameSkin skinid="dcb143e1-a4ab-4e7c-b934-1efa40101d21" frameid="2d508885-59c2-4f83-ae10-27aaad48391b" />-->
            <Size>
              <AbsDimension x="202" y="18" />
            </Size>
            <Anchors>
              <Anchor point="TOPLEFT">
                <Offset>
                  <AbsDimension x="22" y="-12" />
                </Offset>
              </Anchor>
            </Anchors>
            <Layers>
              <Layer>
                <FontString name="$parentLabel" font="Fonts\FRIZQT__.TTF" text="Watch for triggers in:" justifyH="LEFT">
                  <Anchors>
                    <Anchor point="TOPLEFT" />
                    <Anchor point="BOTTOMRIGHT" />
                  </Anchors>
                  <FontHeight>
                    <AbsValue val="16" />
                  </FontHeight>
                  <Color r="1" g="0.8196079" b="0" />
                  <Shadow>
                    <Color r="0" g="0" b="0" />
                    <Offset>
                      <AbsDimension x="1" y="-1" />
                    </Offset>
                  </Shadow>
                </FontString>
              </Layer>
            </Layers>
          </Frame>
          <Frame name="$parentComponent2">
            <!--<FrameSkin skinid="f15d4970-d66d-444e-bb2d-1ad102c87fed" frameid="f15d4978-d66d-444e-bb2d-1ad102c87fed" />-->
            <Size>
              <AbsDimension x="76" y="15" />
            </Size>
            <Anchors>
              <Anchor point="TOPLEFT">
                <Offset>
                  <AbsDimension x="46" y="-109" />
                </Offset>
              </Anchor>
            </Anchors>
            <Layers>
              <Layer>
                <FontString name="$parentLabel" setAllPoints="true" font="Fonts\FRIZQT__.TTF" text="General" justifyH="LEFT">
                  <FontHeight>
                    <AbsValue val="12" />
                  </FontHeight>
                  <Color r="1" g="1" b="1" />
                  <Shadow>
                    <Color r="0" g="0" b="0" />
                    <Offset>
                      <AbsDimension x="1" y="-1" />
                    </Offset>
                  </Shadow>
                </FontString>
              </Layer>
            </Layers>
          </Frame>
          <CheckButton name="generalListen">
            <!--<FrameSkin skinid="dcb143e1-a4ab-4e7c-b934-1efa40101d21" frameid="2d508886-59c2-4f83-ae10-27aaad48391b"><Property name="Size">&lt;?xml version="1.0"?&gt;
&lt;Size xmlns:xsi="http://www.w3.org/2001/XMLSchema-instance" xmlns:xsd="http://www.w3.org/2001/XMLSchema"&gt;
  &lt;Width&gt;20&lt;/Width&gt;
  &lt;Height&gt;20&lt;/Height&gt;
&lt;/Size&gt;</Property></FrameSkin>-->
            <Size>
              <AbsDimension x="32" y="32" />
            </Size>
            <Anchors>
              <Anchor point="TOPLEFT">
                <Offset>
                  <AbsDimension x="21" y="-106" />
                </Offset>
              </Anchor>
            </Anchors>
            <Layers>
              <Layer>
                <FontString name="$parentText" font="Fonts\FRIZQT__.TTF">
                  <Anchors>
                    <Anchor point="LEFT" relativePoint="RIGHT">
                      <Offset>
                        <AbsDimension x="-2" y="0" />
                      </Offset>
                    </Anchor>
                  </Anchors>
                  <FontHeight>
                    <AbsValue val="10" />
                  </FontHeight>
                  <Color r="1" g="0.8196079" b="0" />
                  <Shadow>
                    <Color r="0" g="0" b="0" />
                    <Offset>
                      <AbsDimension x="1" y="-1" />
                    </Offset>
                  </Shadow>
                </FontString>
              </Layer>
            </Layers>
            <Scripts>
              <OnClick>AutoInvite_CheckBoxes();
</OnClick>
            </Scripts>
            <NormalTexture file="Interface\Buttons\UI-CheckBox-Up" />
            <PushedTexture file="Interface\Buttons\UI-CheckBox-Down" />
            <HighlightTexture file="Interface\Buttons\UI-CheckBox-Highlight" alphaMode="ADD" />
            <CheckedTexture file="Interface\Buttons\UI-CheckBox-Check" />
            <DisabledCheckedTexture file="Interface\Buttons\UI-CheckBox-Check-Disabled" />
          </CheckButton>
          <CheckButton name="tradeListen">
            <!--<FrameSkin skinid="dcb143e1-a4ab-4e7c-b934-1efa40101d21" frameid="2d508886-59c2-4f83-ae10-27aaad48391b"><Property name="Size">&lt;?xml version="1.0"?&gt;
&lt;Size xmlns:xsi="http://www.w3.org/2001/XMLSchema-instance" xmlns:xsd="http://www.w3.org/2001/XMLSchema"&gt;
  &lt;Width&gt;20&lt;/Width&gt;
  &lt;Height&gt;20&lt;/Height&gt;
&lt;/Size&gt;</Property></FrameSkin>-->
            <Size>
              <AbsDimension x="32" y="32" />
            </Size>
            <Anchors>
              <Anchor point="TOPLEFT">
                <Offset>
                  <AbsDimension x="123" y="-37" />
                </Offset>
              </Anchor>
            </Anchors>
            <Layers>
              <Layer>
                <FontString name="$parentText" font="Fonts\FRIZQT__.TTF">
                  <Anchors>
                    <Anchor point="LEFT" relativePoint="RIGHT">
                      <Offset>
                        <AbsDimension x="-2" y="0" />
                      </Offset>
                    </Anchor>
                  </Anchors>
                  <FontHeight>
                    <AbsValue val="10" />
                  </FontHeight>
                  <Color r="1" g="0.8196079" b="0" />
                  <Shadow>
                    <Color r="0" g="0" b="0" />
                    <Offset>
                      <AbsDimension x="1" y="-1" />
                    </Offset>
                  </Shadow>
                </FontString>
              </Layer>
            </Layers>
            <Scripts>
              <OnClick>AutoInvite_CheckBoxes();
</OnClick>
            </Scripts>
            <NormalTexture file="Interface\Buttons\UI-CheckBox-Up" />
            <PushedTexture file="Interface\Buttons\UI-CheckBox-Down" />
            <HighlightTexture file="Interface\Buttons\UI-CheckBox-Highlight" alphaMode="ADD" />
            <CheckedTexture file="Interface\Buttons\UI-CheckBox-Check" />
            <DisabledCheckedTexture file="Interface\Buttons\UI-CheckBox-Check-Disabled" />
          </CheckButton>
          <Frame name="$parentComponent6">
            <!--<FrameSkin skinid="f15d4970-d66d-444e-bb2d-1ad102c87fed" frameid="f15d4978-d66d-444e-bb2d-1ad102c87fed" />-->
            <Size>
              <AbsDimension x="55" y="15" />
            </Size>
            <Anchors>
              <Anchor point="TOPLEFT">
                <Offset>
                  <AbsDimension x="149" y="-42" />
                </Offset>
              </Anchor>
            </Anchors>
            <Layers>
              <Layer>
                <FontString name="$parentLabel" setAllPoints="true" font="Fonts\FRIZQT__.TTF" text="Trade" justifyH="LEFT">
                  <FontHeight>
                    <AbsValue val="12" />
                  </FontHeight>
                  <Color r="1" g="1" b="1" />
                  <Shadow>
                    <Color r="0" g="0" b="0" />
                    <Offset>
                      <AbsDimension x="1" y="-1" />
                    </Offset>
                  </Shadow>
                </FontString>
              </Layer>
            </Layers>
          </Frame>
          <CheckButton name="sayListen">
            <!--<FrameSkin skinid="dcb143e1-a4ab-4e7c-b934-1efa40101d21" frameid="2d508886-59c2-4f83-ae10-27aaad48391b"><Property name="Size">&lt;?xml version="1.0"?&gt;
&lt;Size xmlns:xsi="http://www.w3.org/2001/XMLSchema-instance" xmlns:xsd="http://www.w3.org/2001/XMLSchema"&gt;
  &lt;Width&gt;20&lt;/Width&gt;
  &lt;Height&gt;20&lt;/Height&gt;
&lt;/Size&gt;</Property></FrameSkin>-->
            <Size>
              <AbsDimension x="32" y="32" />
            </Size>
            <Anchors>
              <Anchor point="TOPLEFT">
                <Offset>
                  <AbsDimension x="21" y="-57" />
                </Offset>
              </Anchor>
            </Anchors>
            <Layers>
              <Layer>
                <FontString name="$parentText" font="Fonts\FRIZQT__.TTF">
                  <Anchors>
                    <Anchor point="LEFT" relativePoint="RIGHT">
                      <Offset>
                        <AbsDimension x="-2" y="0" />
                      </Offset>
                    </Anchor>
                  </Anchors>
                  <FontHeight>
                    <AbsValue val="10" />
                  </FontHeight>
                  <Color r="1" g="0.8196079" b="0" />
                  <Shadow>
                    <Color r="0" g="0" b="0" />
                    <Offset>
                      <AbsDimension x="1" y="-1" />
                    </Offset>
                  </Shadow>
                </FontString>
              </Layer>
            </Layers>
            <Scripts>
              <OnClick>AutoInvite_CheckBoxes();
</OnClick>
            </Scripts>
            <NormalTexture file="Interface\Buttons\UI-CheckBox-Up" />
            <PushedTexture file="Interface\Buttons\UI-CheckBox-Down" />
            <HighlightTexture file="Interface\Buttons\UI-CheckBox-Highlight" alphaMode="ADD" />
            <CheckedTexture file="Interface\Buttons\UI-CheckBox-Check" />
            <DisabledCheckedTexture file="Interface\Buttons\UI-CheckBox-Check-Disabled" />
          </CheckButton>
          <Frame name="$parentComponent8">
            <!--<FrameSkin skinid="f15d4970-d66d-444e-bb2d-1ad102c87fed" frameid="f15d4978-d66d-444e-bb2d-1ad102c87fed" />-->
            <Size>
              <AbsDimension x="55" y="15" />
            </Size>
            <Anchors>
              <Anchor point="TOPLEFT">
                <Offset>
                  <AbsDimension x="46" y="-62" />
                </Offset>
              </Anchor>
            </Anchors>
            <Layers>
              <Layer>
                <FontString name="$parentLabel" setAllPoints="true" font="Fonts\FRIZQT__.TTF" text="Say" justifyH="LEFT">
                  <FontHeight>
                    <AbsValue val="12" />
                  </FontHeight>
                  <Color r="1" g="1" b="1" />
                  <Shadow>
                    <Color r="0" g="0" b="0" />
                    <Offset>
                      <AbsDimension x="1" y="-1" />
                    </Offset>
                  </Shadow>
                </FontString>
              </Layer>
            </Layers>
          </Frame>
          <Frame name="$parentComponent9">
            <!--<FrameSkin skinid="f15d4970-d66d-444e-bb2d-1ad102c87fed" frameid="f15d4978-d66d-444e-bb2d-1ad102c87fed" />-->
            <Size>
              <AbsDimension x="80" y="15" />
            </Size>
            <Anchors>
              <Anchor point="TOPLEFT">
                <Offset>
                  <AbsDimension x="149" y="-87" />
                </Offset>
              </Anchor>
            </Anchors>
            <Layers>
              <Layer>
                <FontString name="$parentLabel" setAllPoints="true" font="Fonts\FRIZQT__.TTF" text="LFG" justifyH="LEFT">
                  <FontHeight>
                    <AbsValue val="12" />
                  </FontHeight>
                  <Color r="1" g="1" b="1" />
                  <Shadow>
                    <Color r="0" g="0" b="0" />
                    <Offset>
                      <AbsDimension x="1" y="-1" />
                    </Offset>
                  </Shadow>
                </FontString>
              </Layer>
            </Layers>
          </Frame>
          <Frame name="$parentComponent10">
            <!--<FrameSkin skinid="f15d4970-d66d-444e-bb2d-1ad102c87fed" frameid="f15d4978-d66d-444e-bb2d-1ad102c87fed" />-->
            <Size>
              <AbsDimension x="80" y="15" />
            </Size>
            <Anchors>
              <Anchor point="TOPLEFT">
                <Offset>
                  <AbsDimension x="46" y="-85" />
                </Offset>
              </Anchor>
            </Anchors>
            <Layers>
              <Layer>
                <FontString name="$parentLabel" setAllPoints="true" font="Fonts\FRIZQT__.TTF" text="Yell" justifyH="LEFT">
                  <FontHeight>
                    <AbsValue val="12" />
                  </FontHeight>
                  <Color r="1" g="1" b="1" />
                  <Shadow>
                    <Color r="0" g="0" b="0" />
                    <Offset>
                      <AbsDimension x="1" y="-1" />
                    </Offset>
                  </Shadow>
                </FontString>
              </Layer>
            </Layers>
          </Frame>
          <CheckButton name="yellListen">
            <!--<FrameSkin skinid="dcb143e1-a4ab-4e7c-b934-1efa40101d21" frameid="2d508886-59c2-4f83-ae10-27aaad48391b"><Property name="Size">&lt;?xml version="1.0"?&gt;
&lt;Size xmlns:xsi="http://www.w3.org/2001/XMLSchema-instance" xmlns:xsd="http://www.w3.org/2001/XMLSchema"&gt;
  &lt;Width&gt;20&lt;/Width&gt;
  &lt;Height&gt;20&lt;/Height&gt;
&lt;/Size&gt;</Property></FrameSkin>-->
            <Size>
              <AbsDimension x="32" y="32" />
            </Size>
            <Anchors>
              <Anchor point="TOPLEFT">
                <Offset>
                  <AbsDimension x="21" y="-80" />
                </Offset>
              </Anchor>
            </Anchors>
            <Layers>
              <Layer>
                <FontString name="$parentText" font="Fonts\FRIZQT__.TTF">
                  <Anchors>
                    <Anchor point="LEFT" relativePoint="RIGHT">
                      <Offset>
                        <AbsDimension x="-2" y="0" />
                      </Offset>
                    </Anchor>
                  </Anchors>
                  <FontHeight>
                    <AbsValue val="10" />
                  </FontHeight>
                  <Color r="1" g="0.8196079" b="0" />
                  <Shadow>
                    <Color r="0" g="0" b="0" />
                    <Offset>
                      <AbsDimension x="1" y="-1" />
                    </Offset>
                  </Shadow>
                </FontString>
              </Layer>
            </Layers>
            <Scripts>
              <OnClick>AutoInvite_CheckBoxes();
</OnClick>
            </Scripts>
            <NormalTexture file="Interface\Buttons\UI-CheckBox-Up" />
            <PushedTexture file="Interface\Buttons\UI-CheckBox-Down" />
            <HighlightTexture file="Interface\Buttons\UI-CheckBox-Highlight" alphaMode="ADD" />
            <CheckedTexture file="Interface\Buttons\UI-CheckBox-Check" />
            <DisabledCheckedTexture file="Interface\Buttons\UI-CheckBox-Check-Disabled" />
          </CheckButton>
          <CheckButton name="lfgListen">
            <!--<FrameSkin skinid="dcb143e1-a4ab-4e7c-b934-1efa40101d21" frameid="2d508886-59c2-4f83-ae10-27aaad48391b"><Property name="Size">&lt;?xml version="1.0"?&gt;
&lt;Size xmlns:xsi="http://www.w3.org/2001/XMLSchema-instance" xmlns:xsd="http://www.w3.org/2001/XMLSchema"&gt;
  &lt;Width&gt;20&lt;/Width&gt;
  &lt;Height&gt;20&lt;/Height&gt;
&lt;/Size&gt;</Property></FrameSkin>-->
            <Size>
              <AbsDimension x="32" y="32" />
            </Size>
            <Anchors>
              <Anchor point="TOPLEFT">
                <Offset>
                  <AbsDimension x="123" y="-80" />
                </Offset>
              </Anchor>
            </Anchors>
            <Layers>
              <Layer>
                <FontString name="$parentText" font="Fonts\FRIZQT__.TTF">
                  <Anchors>
                    <Anchor point="LEFT" relativePoint="RIGHT">
                      <Offset>
                        <AbsDimension x="-2" y="0" />
                      </Offset>
                    </Anchor>
                  </Anchors>
                  <FontHeight>
                    <AbsValue val="10" />
                  </FontHeight>
                  <Color r="1" g="0.8196079" b="0" />
                  <Shadow>
                    <Color r="0" g="0" b="0" />
                    <Offset>
                      <AbsDimension x="1" y="-1" />
                    </Offset>
                  </Shadow>
                </FontString>
              </Layer>
            </Layers>
            <Scripts>
              <OnClick>AutoInvite_CheckBoxes();
</OnClick>
            </Scripts>
            <NormalTexture file="Interface\Buttons\UI-CheckBox-Up" />
            <PushedTexture file="Interface\Buttons\UI-CheckBox-Down" />
            <HighlightTexture file="Interface\Buttons\UI-CheckBox-Highlight" alphaMode="ADD" />
            <CheckedTexture file="Interface\Buttons\UI-CheckBox-Check" />
            <DisabledCheckedTexture file="Interface\Buttons\UI-CheckBox-Check-Disabled" />
          </CheckButton>
          <CheckButton name="defenseListen">
            <!--<FrameSkin skinid="dcb143e1-a4ab-4e7c-b934-1efa40101d21" frameid="2d508886-59c2-4f83-ae10-27aaad48391b"><Property name="Size">&lt;?xml version="1.0"?&gt;
&lt;Size xmlns:xsi="http://www.w3.org/2001/XMLSchema-instance" xmlns:xsd="http://www.w3.org/2001/XMLSchema"&gt;
  &lt;Width&gt;20&lt;/Width&gt;
  &lt;Height&gt;20&lt;/Height&gt;
&lt;/Size&gt;</Property></FrameSkin>-->
            <Size>
              <AbsDimension x="32" y="32" />
            </Size>
            <Anchors>
              <Anchor point="TOPLEFT">
                <Offset>
                  <AbsDimension x="123" y="-57" />
                </Offset>
              </Anchor>
            </Anchors>
            <Layers>
              <Layer>
                <FontString name="$parentText" font="Fonts\FRIZQT__.TTF">
                  <Anchors>
                    <Anchor point="LEFT" relativePoint="RIGHT">
                      <Offset>
                        <AbsDimension x="-2" y="0" />
                      </Offset>
                    </Anchor>
                  </Anchors>
                  <FontHeight>
                    <AbsValue val="10" />
                  </FontHeight>
                  <Color r="1" g="0.8196079" b="0" />
                  <Shadow>
                    <Color r="0" g="0" b="0" />
                    <Offset>
                      <AbsDimension x="1" y="-1" />
                    </Offset>
                  </Shadow>
                </FontString>
              </Layer>
            </Layers>
            <Scripts>
              <OnClick>AutoInvite_CheckBoxes();
</OnClick>
            </Scripts>
            <NormalTexture file="Interface\Buttons\UI-CheckBox-Up" />
            <PushedTexture file="Interface\Buttons\UI-CheckBox-Down" />
            <HighlightTexture file="Interface\Buttons\UI-CheckBox-Highlight" alphaMode="ADD" />
            <CheckedTexture file="Interface\Buttons\UI-CheckBox-Check" />
            <DisabledCheckedTexture file="Interface\Buttons\UI-CheckBox-Check-Disabled" />
          </CheckButton>
          <Frame name="$parentComponent14">
            <!--<FrameSkin skinid="f15d4970-d66d-444e-bb2d-1ad102c87fed" frameid="f15d4978-d66d-444e-bb2d-1ad102c87fed" />-->
            <Size>
              <AbsDimension x="110" y="15" />
            </Size>
            <Anchors>
              <Anchor point="TOPLEFT">
                <Offset>
                  <AbsDimension x="149" y="-63" />
                </Offset>
              </Anchor>
            </Anchors>
            <Layers>
              <Layer>
                <FontString name="$parentLabel" setAllPoints="true" font="Fonts\FRIZQT__.TTF" text="LocalDefense" justifyH="LEFT">
                  <FontHeight>
                    <AbsValue val="12" />
                  </FontHeight>
                  <Color r="1" g="1" b="1" />
                  <Shadow>
                    <Color r="0" g="0" b="0" />
                    <Offset>
                      <AbsDimension x="1" y="-1" />
                    </Offset>
                  </Shadow>
                </FontString>
              </Layer>
            </Layers>
          </Frame>
          <CheckButton name="whisperListen">
            <!--<FrameSkin skinid="dcb143e1-a4ab-4e7c-b934-1efa40101d21" frameid="2d508886-59c2-4f83-ae10-27aaad48391b"><Property name="Size">&lt;?xml version="1.0"?&gt;
&lt;Size xmlns:xsi="http://www.w3.org/2001/XMLSchema-instance" xmlns:xsd="http://www.w3.org/2001/XMLSchema"&gt;
  &lt;Width&gt;20&lt;/Width&gt;
  &lt;Height&gt;20&lt;/Height&gt;
&lt;/Size&gt;</Property></FrameSkin>-->
            <Size>
              <AbsDimension x="32" y="32" />
            </Size>
            <Anchors>
              <Anchor point="TOPLEFT">
                <Offset>
                  <AbsDimension x="123" y="-104" />
                </Offset>
              </Anchor>
            </Anchors>
            <Layers>
              <Layer>
                <FontString name="$parentText" font="Fonts\FRIZQT__.TTF">
                  <Anchors>
                    <Anchor point="LEFT" relativePoint="RIGHT">
                      <Offset>
                        <AbsDimension x="-2" y="0" />
                      </Offset>
                    </Anchor>
                  </Anchors>
                  <FontHeight>
                    <AbsValue val="10" />
                  </FontHeight>
                  <Color r="1" g="0.8196079" b="0" />
                  <Shadow>
                    <Color r="0" g="0" b="0" />
                    <Offset>
                      <AbsDimension x="1" y="-1" />
                    </Offset>
                  </Shadow>
                </FontString>
              </Layer>
            </Layers>
            <Scripts>
              <OnClick>AutoInvite_CheckBoxes();
</OnClick>
            </Scripts>
            <NormalTexture file="Interface\Buttons\UI-CheckBox-Up" />
            <PushedTexture file="Interface\Buttons\UI-CheckBox-Down" />
            <HighlightTexture file="Interface\Buttons\UI-CheckBox-Highlight" alphaMode="ADD" />
            <CheckedTexture file="Interface\Buttons\UI-CheckBox-Check" />
            <DisabledCheckedTexture file="Interface\Buttons\UI-CheckBox-Check-Disabled" />
          </CheckButton>
          <Frame name="$parentComponent5">
            <!--<FrameSkin skinid="f15d4970-d66d-444e-bb2d-1ad102c87fed" frameid="f15d4978-d66d-444e-bb2d-1ad102c87fed" />-->
            <Size>
              <AbsDimension x="76" y="22" />
            </Size>
            <Anchors>
              <Anchor point="TOPLEFT">
                <Offset>
                  <AbsDimension x="148" y="-104" />
                </Offset>
              </Anchor>
            </Anchors>
            <Layers>
              <Layer>
                <FontString name="$parentLabel" setAllPoints="true" font="Fonts\FRIZQT__.TTF" text="Whispers" justifyH="LEFT">
                  <FontHeight>
                    <AbsValue val="12" />
                  </FontHeight>
                  <Color r="1" g="1" b="1" />
                  <Shadow>
                    <Color r="0" g="0" b="0" />
                    <Offset>
                      <AbsDimension x="1" y="-1" />
                    </Offset>
                  </Shadow>
                </FontString>
              </Layer>
            </Layers>
          </Frame>
          <Button name="$parentComponent7" text="Auto Promote">
            <!--<FrameSkin skinid="f15d4970-d66d-444e-bb2d-1ad102c87fed" frameid="f15d4973-d66d-444e-bb2d-1ad102c87fed" />-->
            <Size>
              <AbsDimension x="109" y="24" />
            </Size>
            <Anchors>
              <Anchor point="TOPLEFT">
                <Offset>
                  <AbsDimension x="239" y="-37" />
                </Offset>
              </Anchor>
            </Anchors>
            <Scripts>
              <OnClick>AIPromoteWin_Toggle();
</OnClick>
            </Scripts>
            <NormalTexture file="Interface\Buttons\UI-Panel-Button-Up">
              <TexCoords left="0" right="0.625" top="0" bottom="0.6875" />
            </NormalTexture>
            <PushedTexture file="Interface\Buttons\UI-Panel-Button-Down">
              <TexCoords left="0" right="0.625" top="0" bottom="0.6875" />
            </PushedTexture>
            <DisabledTexture file="Interface\Buttons\UI-Panel-Button-Disabled">
              <TexCoords left="0" right="0.625" top="0" bottom="0.6875" />
            </DisabledTexture>
            <HighlightTexture file="Interface\Buttons\UI-Panel-Button-Highlight" alphaMode="ADD">
              <TexCoords left="0" right="0.625" top="0" bottom="0.6875" />
            </HighlightTexture>
            <ButtonText name="$parentText">
              <FontHeight>
                <AbsValue val="10" />
              </FontHeight>
            </ButtonText>
            <NormalFont style="GameFontNormal" />
            <HighlightFont style="GameFontHighlight" />
            <DisabledFont style="GameFontDisable" />
            <PushedTextOffset x="0" y="0" />
          </Button>
        </Frames>
      </Frame>
      <CheckButton name="guildOnly">
        <!--<FrameSkin skinid="dcb143e1-a4ab-4e7c-b934-1efa40101d21" frameid="2d508886-59c2-4f83-ae10-27aaad48391b"><Property name="Size">&lt;?xml version="1.0"?&gt;
&lt;Size xmlns:xsi="http://www.w3.org/2001/XMLSchema-instance" xmlns:xsd="http://www.w3.org/2001/XMLSchema"&gt;
  &lt;Width&gt;28&lt;/Width&gt;
  &lt;Height&gt;28&lt;/Height&gt;
&lt;/Size&gt;</Property></FrameSkin>-->
        <Size>
          <AbsDimension x="32" y="32" />
        </Size>
        <Anchors>
          <Anchor point="TOPLEFT">
            <Offset>
              <AbsDimension x="17" y="-77" />
            </Offset>
          </Anchor>
        </Anchors>
        <Layers>
          <Layer>
            <FontString name="$parentText" font="Fonts\FRIZQT__.TTF">
              <Anchors>
                <Anchor point="LEFT" relativePoint="RIGHT">
                  <Offset>
                    <AbsDimension x="-2" y="0" />
                  </Offset>
                </Anchor>
              </Anchors>
              <FontHeight>
                <AbsValue val="10" />
              </FontHeight>
              <Color r="1" g="0.8196079" b="0" />
              <Shadow>
                <Color r="0" g="0" b="0" />
                <Offset>
                  <AbsDimension x="1" y="-1" />
                </Offset>
              </Shadow>
            </FontString>
          </Layer>
        </Layers>
        <Scripts>
          <OnClick>AutoInvite_CheckBoxes()
</OnClick>
        </Scripts>
        <NormalTexture file="Interface\Buttons\UI-CheckBox-Up" />
        <PushedTexture file="Interface\Buttons\UI-CheckBox-Down" />
        <HighlightTexture file="Interface\Buttons\UI-CheckBox-Highlight" alphaMode="ADD" />
        <CheckedTexture file="Interface\Buttons\UI-CheckBox-Check" />
        <DisabledCheckedTexture file="Interface\Buttons\UI-CheckBox-Check-Disabled" />
      </CheckButton>
      <CheckButton name="autoRaid">
        <!--<FrameSkin skinid="dcb143e1-a4ab-4e7c-b934-1efa40101d21" frameid="2d508886-59c2-4f83-ae10-27aaad48391b"><Property name="Size">&lt;?xml version="1.0"?&gt;
&lt;Size xmlns:xsi="http://www.w3.org/2001/XMLSchema-instance" xmlns:xsd="http://www.w3.org/2001/XMLSchema"&gt;
  &lt;Width&gt;28&lt;/Width&gt;
  &lt;Height&gt;28&lt;/Height&gt;
&lt;/Size&gt;</Property></FrameSkin>-->
        <Size>
          <AbsDimension x="32" y="32" />
        </Size>
        <Anchors>
          <Anchor point="TOPLEFT">
            <Offset>
              <AbsDimension x="17" y="-50" />
            </Offset>
          </Anchor>
        </Anchors>
        <Layers>
          <Layer>
            <FontString name="$parentText" font="Fonts\FRIZQT__.TTF">
              <Anchors>
                <Anchor point="LEFT" relativePoint="RIGHT">
                  <Offset>
                    <AbsDimension x="-2" y="0" />
                  </Offset>
                </Anchor>
              </Anchors>
              <FontHeight>
                <AbsValue val="10" />
              </FontHeight>
              <Color r="1" g="0.8196079" b="0" />
              <Shadow>
                <Color r="0" g="0" b="0" />
                <Offset>
                  <AbsDimension x="1" y="-1" />
                </Offset>
              </Shadow>
            </FontString>
          </Layer>
        </Layers>
        <Scripts>
          <OnClick>AutoInvite_CheckBoxes();
</OnClick>
        </Scripts>
        <NormalTexture file="Interface\Buttons\UI-CheckBox-Up" />
        <PushedTexture file="Interface\Buttons\UI-CheckBox-Down" />
        <HighlightTexture file="Interface\Buttons\UI-CheckBox-Highlight" alphaMode="ADD" />
        <CheckedTexture file="Interface\Buttons\UI-CheckBox-Check" />
        <DisabledCheckedTexture file="Interface\Buttons\UI-CheckBox-Check-Disabled" />
      </CheckButton>
      <Frame name="$parentLabel5">
        <!--<FrameSkin skinid="dcb143e1-a4ab-4e7c-b934-1efa40101d21" frameid="2d508885-59c2-4f83-ae10-27aaad48391b" />-->
        <Size>
          <AbsDimension x="147" y="25" />
        </Size>
        <Anchors>
          <Anchor point="TOPLEFT">
            <Offset>
              <AbsDimension x="48" y="-54" />
            </Offset>
          </Anchor>
        </Anchors>
        <Layers>
          <Layer>
            <FontString name="$parentLabel" font="Fonts\FRIZQT__.TTF" text="Auto-convert to Raid" justifyH="LEFT">
              <Anchors>
                <Anchor point="TOPLEFT" />
                <Anchor point="BOTTOMRIGHT" />
              </Anchors>
              <FontHeight>
                <AbsValue val="12" />
              </FontHeight>
              <Color r="1" g="0.8196079" b="0" />
              <Shadow>
                <Color r="0" g="0" b="0" />
                <Offset>
                  <AbsDimension x="1" y="-1" />
                </Offset>
              </Shadow>
            </FontString>
          </Layer>
        </Layers>
      </Frame>
      <CheckButton name="inviteEnabled">
        <!--<FrameSkin skinid="dcb143e1-a4ab-4e7c-b934-1efa40101d21" frameid="2d508886-59c2-4f83-ae10-27aaad48391b"><Property name="Size">&lt;?xml version="1.0"?&gt;
&lt;Size xmlns:xsi="http://www.w3.org/2001/XMLSchema-instance" xmlns:xsd="http://www.w3.org/2001/XMLSchema"&gt;
  &lt;Width&gt;28&lt;/Width&gt;
  &lt;Height&gt;28&lt;/Height&gt;
&lt;/Size&gt;</Property></FrameSkin>-->
        <Size>
          <AbsDimension x="32" y="32" />
        </Size>
        <Anchors>
          <Anchor point="TOPLEFT">
            <Offset>
              <AbsDimension x="17" y="-25" />
            </Offset>
          </Anchor>
        </Anchors>
        <Layers>
          <Layer>
            <FontString name="$parentText" font="Fonts\FRIZQT__.TTF">
              <Anchors>
                <Anchor point="LEFT" relativePoint="RIGHT">
                  <Offset>
                    <AbsDimension x="-2" y="0" />
                  </Offset>
                </Anchor>
              </Anchors>
              <FontHeight>
                <AbsValue val="10" />
              </FontHeight>
              <Color r="1" g="0.8196079" b="0" />
              <Shadow>
                <Color r="0" g="0" b="0" />
                <Offset>
                  <AbsDimension x="1" y="-1" />
                </Offset>
              </Shadow>
            </FontString>
          </Layer>
        </Layers>
        <Scripts>
          <OnClick>AutoInvite_CheckBoxes();
</OnClick>
        </Scripts>
        <NormalTexture file="Interface\Buttons\UI-CheckBox-Up" />
        <PushedTexture file="Interface\Buttons\UI-CheckBox-Down" />
        <HighlightTexture file="Interface\Buttons\UI-CheckBox-Highlight" alphaMode="ADD" />
        <CheckedTexture file="Interface\Buttons\UI-CheckBox-Check" />
        <DisabledCheckedTexture file="Interface\Buttons\UI-CheckBox-Check-Disabled" />
      </CheckButton>
      <Frame name="$parentLabel1">
        <!--<FrameSkin skinid="dcb143e1-a4ab-4e7c-b934-1efa40101d21" frameid="2d508885-59c2-4f83-ae10-27aaad48391b" />-->
        <Size>
          <AbsDimension x="92" y="21" />
        </Size>
        <Anchors>
          <Anchor point="TOPLEFT">
            <Offset>
              <AbsDimension x="48" y="-30" />
            </Offset>
          </Anchor>
        </Anchors>
        <Layers>
          <Layer>
            <FontString name="$parentLabel" font="Fonts\FRIZQT__.TTF" text="Enable Addon" justifyH="LEFT">
              <Anchors>
                <Anchor point="TOPLEFT" />
                <Anchor point="BOTTOMRIGHT" />
              </Anchors>
              <FontHeight>
                <AbsValue val="12" />
              </FontHeight>
              <Color r="1" g="0.8196079" b="0" />
              <Shadow>
                <Color r="0" g="0" b="0" />
                <Offset>
                  <AbsDimension x="1" y="-1" />
                </Offset>
              </Shadow>
            </FontString>
          </Layer>
        </Layers>
      </Frame>
      <Frame name="$parentComponent3">
        <!--<FrameSkin skinid="dcb143e1-a4ab-4e7c-b934-1efa40101d21" frameid="2d508885-59c2-4f83-ae10-27aaad48391b" />-->
        <Size>
          <AbsDimension x="145" y="28" />
        </Size>
        <Anchors>
          <Anchor point="TOPLEFT">
            <Offset>
              <AbsDimension x="50" y="-132" />
            </Offset>
          </Anchor>
        </Anchors>
        <Layers>
          <Layer>
            <FontString name="$parentLabel" font="Fonts\FRIZQT__.TTF" text="Use Queue Manager" justifyH="LEFT">
              <Anchors>
                <Anchor point="TOPLEFT" />
                <Anchor point="BOTTOMRIGHT" />
              </Anchors>
              <FontHeight>
                <AbsValue val="12" />
              </FontHeight>
              <Color r="1" g="0.8196079" b="0" />
              <Shadow>
                <Color r="0" g="0" b="0" />
                <Offset>
                  <AbsDimension x="1" y="-1" />
                </Offset>
              </Shadow>
            </FontString>
          </Layer>
        </Layers>
      </Frame>
      <CheckButton name="queChkBox">
        <!--<FrameSkin skinid="dcb143e1-a4ab-4e7c-b934-1efa40101d21" frameid="2d508886-59c2-4f83-ae10-27aaad48391b"><Property name="Size">&lt;?xml version="1.0"?&gt;
&lt;Size xmlns:xsi="http://www.w3.org/2001/XMLSchema-instance" xmlns:xsd="http://www.w3.org/2001/XMLSchema"&gt;
  &lt;Width&gt;28&lt;/Width&gt;
  &lt;Height&gt;28&lt;/Height&gt;
&lt;/Size&gt;</Property></FrameSkin>-->
        <Size>
          <AbsDimension x="32" y="32" />
        </Size>
        <Anchors>
          <Anchor point="TOPLEFT">
            <Offset>
              <AbsDimension x="17" y="-132" />
            </Offset>
          </Anchor>
        </Anchors>
        <Layers>
          <Layer>
            <FontString name="$parentText" font="Fonts\FRIZQT__.TTF">
              <Anchors>
                <Anchor point="LEFT" relativePoint="RIGHT">
                  <Offset>
                    <AbsDimension x="-2" y="0" />
                  </Offset>
                </Anchor>
              </Anchors>
              <FontHeight>
                <AbsValue val="10" />
              </FontHeight>
              <Color r="1" g="0.8196079" b="0" />
              <Shadow>
                <Color r="0" g="0" b="0" />
                <Offset>
                  <AbsDimension x="1" y="-1" />
                </Offset>
              </Shadow>
            </FontString>
          </Layer>
        </Layers>
        <Scripts>
          <OnClick>AutoInvite_CheckBoxes()
</OnClick>
        </Scripts>
        <NormalTexture file="Interface\Buttons\UI-CheckBox-Up" />
        <PushedTexture file="Interface\Buttons\UI-CheckBox-Down" />
        <HighlightTexture file="Interface\Buttons\UI-CheckBox-Highlight" alphaMode="ADD" />
        <CheckedTexture file="Interface\Buttons\UI-CheckBox-Check" />
        <DisabledCheckedTexture file="Interface\Buttons\UI-CheckBox-Check-Disabled" />
      </CheckButton>
      <Frame name="$parentPanel1">
        <!--<FrameSkin skinid="dcb143e1-a4ab-4e7c-b934-1efa40101d21" frameid="2d508888-59c2-4f83-ae10-27aaad48391b" />-->
        <Size>
          <AbsDimension x="363" y="214" />
        </Size>
        <Anchors>
          <Anchor point="TOPLEFT">
            <Offset>
              <AbsDimension x="17" y="-166" />
            </Offset>
          </Anchor>
        </Anchors>
        <Backdrop bgFile="Interface\Tooltips\UI-Tooltip-Background" edgeFile="Interface\Tooltips\UI-Tooltip-Border" tile="true">
          <BackgroundInsets>
            <AbsInset left="5" right="5" top="5" bottom="5" />
          </BackgroundInsets>
          <TileSize>
            <AbsValue val="16" />
          </TileSize>
          <EdgeSize>
            <AbsValue val="16" />
          </EdgeSize>
        </Backdrop>
        <Frames>
          <Frame name="$parentLabel3">
            <!--<FrameSkin skinid="f15d4970-d66d-444e-bb2d-1ad102c87fed" frameid="f15d4978-d66d-444e-bb2d-1ad102c87fed" />-->
            <Size>
              <AbsDimension x="161" y="15" />
            </Size>
            <Anchors>
              <Anchor point="TOPLEFT">
                <Offset>
                  <AbsDimension x="185" y="-41" />
                </Offset>
              </Anchor>
            </Anchors>
            <Layers>
              <Layer>
                <FontString name="$parentLabel" setAllPoints="true" font="Fonts\FRIZQT__.TTF" text="Separate by Semicolon (;)">
                  <FontHeight>
                    <AbsValue val="12" />
                  </FontHeight>
                  <Color r="1" g="1" b="1" />
                  <Shadow>
                    <Color r="0" g="0" b="0" />
                    <Offset>
                      <AbsDimension x="1" y="-1" />
                    </Offset>
                  </Shadow>
                </FontString>
              </Layer>
            </Layers>
          </Frame>
          <Frame name="$parentLabel10">
            <!--<FrameSkin skinid="f15d4970-d66d-444e-bb2d-1ad102c87fed" frameid="f15d4978-d66d-444e-bb2d-1ad102c87fed" />-->
            <Size>
              <AbsDimension x="224" y="19" />
            </Size>
            <Anchors>
              <Anchor point="TOPLEFT">
                <Offset>
                  <AbsDimension x="132" y="-88" />
                </Offset>
              </Anchor>
            </Anchors>
            <Layers>
              <Layer>
                <FontString name="$parentLabel" setAllPoints="true" font="Fonts\FRIZQT__.TTF" text="&lt;key&gt; will be replaced by your keys.">
                  <FontHeight>
                    <AbsValue val="11" />
                  </FontHeight>
                  <Color r="1" g="1" b="1" />
                  <Shadow>
                    <Color r="0" g="0" b="0" />
                    <Offset>
                      <AbsDimension x="1" y="-1" />
                    </Offset>
                  </Shadow>
                </FontString>
              </Layer>
            </Layers>
          </Frame>
          <Frame name="$parentLabel11">
            <!--<FrameSkin skinid="f15d4970-d66d-444e-bb2d-1ad102c87fed" frameid="f15d4978-d66d-444e-bb2d-1ad102c87fed" />-->
            <Size>
              <AbsDimension x="55" y="15" />
            </Size>
            <Anchors>
              <Anchor point="TOPLEFT">
                <Offset>
                  <AbsDimension x="149" y="-164" />
                </Offset>
              </Anchor>
            </Anchors>
            <Layers>
              <Layer>
                <FontString name="$parentLabel" setAllPoints="true" font="Fonts\FRIZQT__.TTF" text="Say" justifyH="LEFT">
                  <FontHeight>
                    <AbsValue val="12" />
                  </FontHeight>
                  <Color r="1" g="1" b="1" />
                  <Shadow>
                    <Color r="0" g="0" b="0" />
                    <Offset>
                      <AbsDimension x="1" y="-1" />
                    </Offset>
                  </Shadow>
                </FontString>
              </Layer>
            </Layers>
          </Frame>
          <Frame name="$parentLabel7">
            <!--<FrameSkin skinid="f15d4970-d66d-444e-bb2d-1ad102c87fed" frameid="f15d4978-d66d-444e-bb2d-1ad102c87fed" />-->
            <Size>
              <AbsDimension x="110" y="20" />
            </Size>
            <Anchors>
              <Anchor point="TOPLEFT">
                <Offset>
                  <AbsDimension x="13" y="-118" />
                </Offset>
              </Anchor>
            </Anchors>
            <Layers>
              <Layer>
                <FontString name="$parentLabel" setAllPoints="true" font="Fonts\FRIZQT__.TTF" text="Where to spam:">
                  <FontHeight>
                    <AbsValue val="12" />
                  </FontHeight>
                  <Color r="1" g="0.8431373" b="0" />
                  <Shadow>
                    <Color r="0" g="0" b="0" />
                    <Offset>
                      <AbsDimension x="1" y="-1" />
                    </Offset>
                  </Shadow>
                </FontString>
              </Layer>
            </Layers>
          </Frame>
          <CheckButton name="snGuild">
            <!--<FrameSkin skinid="dcb143e1-a4ab-4e7c-b934-1efa40101d21" frameid="2d508886-59c2-4f83-ae10-27aaad48391b"><Property name="Size">&lt;?xml version="1.0"?&gt;
&lt;Size xmlns:xsi="http://www.w3.org/2001/XMLSchema-instance" xmlns:xsd="http://www.w3.org/2001/XMLSchema"&gt;
  &lt;Width&gt;20&lt;/Width&gt;
  &lt;Height&gt;20&lt;/Height&gt;
&lt;/Size&gt;</Property></FrameSkin>-->
            <Size>
              <AbsDimension x="32" y="32" />
            </Size>
            <Anchors>
              <Anchor point="TOPLEFT">
                <Offset>
                  <AbsDimension x="122" y="-138" />
                </Offset>
              </Anchor>
            </Anchors>
            <Layers>
              <Layer>
                <FontString name="$parentText" font="Fonts\FRIZQT__.TTF">
                  <Anchors>
                    <Anchor point="LEFT" relativePoint="RIGHT">
                      <Offset>
                        <AbsDimension x="-2" y="0" />
                      </Offset>
                    </Anchor>
                  </Anchors>
                  <FontHeight>
                    <AbsValue val="10" />
                  </FontHeight>
                  <Color r="1" g="0.8196079" b="0" />
                  <Shadow>
                    <Color r="0" g="0" b="0" />
                    <Offset>
                      <AbsDimension x="1" y="-1" />
                    </Offset>
                  </Shadow>
                </FontString>
              </Layer>
            </Layers>
            <Scripts>
              <OnClick>AutoInvite_CheckBoxes();
</OnClick>
            </Scripts>
            <NormalTexture file="Interface\Buttons\UI-CheckBox-Up" />
            <PushedTexture file="Interface\Buttons\UI-CheckBox-Down" />
            <HighlightTexture file="Interface\Buttons\UI-CheckBox-Highlight" alphaMode="ADD" />
            <CheckedTexture file="Interface\Buttons\UI-CheckBox-Check" />
            <DisabledCheckedTexture file="Interface\Buttons\UI-CheckBox-Check-Disabled" />
          </CheckButton>
          <EditBox name="triggerEdit" enableMouse="true">
            <!--<FrameSkin skinid="dcb143e1-a4ab-4e7c-b934-1efa40101d21" frameid="2d508887-59c2-4f83-ae10-27aaad48391b" />-->
            <Size>
              <AbsDimension x="259" y="25" />
            </Size>
            <Anchors>
              <Anchor point="TOPLEFT">
                <Offset>
                  <AbsDimension x="89" y="-15" />
                </Offset>
              </Anchor>
            </Anchors>
            <Layers>
              <Layer level="BACKGROUND">
                <Texture name="$parentLeft" file="Interface\Common\Common-Input-Border">
                  <Size>
                    <AbsDimension x="8" y="20" />
                  </Size>
                  <Anchors>
                    <Anchor point="LEFT" />
                  </Anchors>
                  <TexCoords left="0" right="0.0625" top="0" bottom="0.625" />
                </Texture>
                <Texture name="$parentRight" file="Interface\Common\Common-Input-Border">
                  <Size>
                    <AbsDimension x="8" y="20" />
                  </Size>
                  <Anchors>
                    <Anchor point="RIGHT" />
                  </Anchors>
                  <TexCoords left="0.9375" right="1" top="0" bottom="0.625" />
                </Texture>
                <Texture name="$parentMiddle" file="Interface\Common\Common-Input-Border">
                  <Size>
                    <AbsDimension x="10" y="20" />
                  </Size>
                  <Anchors>
                    <Anchor point="LEFT" relativeTo="$parentLeft" relativePoint="RIGHT" />
                    <Anchor point="RIGHT" relativeTo="$parentRight" relativePoint="LEFT" />
                  </Anchors>
                  <TexCoords left="0.0625" right="0.9375" top="0" bottom="0.625" />
                </Texture>
              </Layer>
            </Layers>
            <Scripts>
              <OnUpdate>AutoInvite_editUpdate();
</OnUpdate>
              <OnShow>triggerEdit:ClearFocus();
</OnShow>
              <OnHide>triggerEdit:ClearFocus();
</OnHide>
              <OnEnter>triggerEdit:ClearFocus();
</OnEnter>
              <OnEnterPressed>triggerEdit:ClearFocus();
</OnEnterPressed>
              <OnEscapePressed>triggerEdit:ClearFocus();
</OnEscapePressed>
              <OnEditFocusLost>triggerEdit:ClearFocus();
</OnEditFocusLost>
            </Scripts>
            <FontString font="Fonts\ARIALN.TTF">
              <FontHeight>
                <AbsValue val="14" />
              </FontHeight>
              <Color r="1" g="1" b="1" />
              <Shadow>
                <Color r="0" g="0" b="0" />
                <Offset>
                  <AbsDimension x="1" y="-1" />
                </Offset>
              </Shadow>
            </FontString>
          </EditBox>
          <EditBox name="spamEdit" enableMouse="true">
            <!--<FrameSkin skinid="dcb143e1-a4ab-4e7c-b934-1efa40101d21" frameid="2d508887-59c2-4f83-ae10-27aaad48391b" />-->
            <Size>
              <AbsDimension x="259" y="20" />
            </Size>
            <Anchors>
              <Anchor point="TOPLEFT">
                <Offset>
                  <AbsDimension x="89" y="-65" />
                </Offset>
              </Anchor>
            </Anchors>
            <Layers>
              <Layer level="BACKGROUND">
                <Texture name="$parentLeft" file="Interface\Common\Common-Input-Border">
                  <Size>
                    <AbsDimension x="8" y="20" />
                  </Size>
                  <Anchors>
                    <Anchor point="LEFT" />
                  </Anchors>
                  <TexCoords left="0" right="0.0625" top="0" bottom="0.625" />
                </Texture>
                <Texture name="$parentRight" file="Interface\Common\Common-Input-Border">
                  <Size>
                    <AbsDimension x="8" y="20" />
                  </Size>
                  <Anchors>
                    <Anchor point="RIGHT" />
                  </Anchors>
                  <TexCoords left="0.9375" right="1" top="0" bottom="0.625" />
                </Texture>
                <Texture name="$parentMiddle" file="Interface\Common\Common-Input-Border">
                  <Size>
                    <AbsDimension x="10" y="20" />
                  </Size>
                  <Anchors>
                    <Anchor point="LEFT" relativeTo="$parentLeft" relativePoint="RIGHT" />
                    <Anchor point="RIGHT" relativeTo="$parentRight" relativePoint="LEFT" />
                  </Anchors>
                  <TexCoords left="0.0625" right="0.9375" top="0" bottom="0.625" />
                </Texture>
              </Layer>
            </Layers>
            <Scripts>
              <OnUpdate>AutoInvite_editUpdate();
</OnUpdate>
              <OnHide>spamEdit:ClearFocus();
</OnHide>
              <OnEnterPressed>spamEdit:ClearFocus();
</OnEnterPressed>
              <OnEscapePressed>spamEdit:ClearFocus();
</OnEscapePressed>
            </Scripts>
            <FontString font="Fonts\ARIALN.TTF">
              <FontHeight>
                <AbsValue val="14" />
              </FontHeight>
              <Color r="1" g="1" b="1" />
              <Shadow>
                <Color r="0" g="0" b="0" />
                <Offset>
                  <AbsDimension x="1" y="-1" />
                </Offset>
              </Shadow>
            </FontString>
          </EditBox>
          <Frame name="$parentLabel2">
            <!--<FrameSkin skinid="dcb143e1-a4ab-4e7c-b934-1efa40101d21" frameid="2d508885-59c2-4f83-ae10-27aaad48391b" />-->
            <Size>
              <AbsDimension x="41" y="27" />
            </Size>
            <Anchors>
              <Anchor point="TOPLEFT">
                <Offset>
                  <AbsDimension x="40" y="-15" />
                </Offset>
              </Anchor>
            </Anchors>
            <Layers>
              <Layer>
                <FontString name="$parentLabel" font="Fonts\FRIZQT__.TTF" text="Keys:" justifyH="LEFT">
                  <Anchors>
                    <Anchor point="TOPLEFT" />
                    <Anchor point="BOTTOMRIGHT" />
                  </Anchors>
                  <FontHeight>
                    <AbsValue val="12" />
                  </FontHeight>
                  <Color r="1" g="0.8196079" b="0" />
                  <Shadow>
                    <Color r="0" g="0" b="0" />
                    <Offset>
                      <AbsDimension x="1" y="-1" />
                    </Offset>
                  </Shadow>
                </FontString>
              </Layer>
            </Layers>
          </Frame>
          <Frame name="$parentLabel8">
            <!--<FrameSkin skinid="dcb143e1-a4ab-4e7c-b934-1efa40101d21" frameid="2d508885-59c2-4f83-ae10-27aaad48391b" />-->
            <Size>
              <AbsDimension x="65" y="26" />
            </Size>
            <Anchors>
              <Anchor point="TOPLEFT">
                <Offset>
                  <AbsDimension x="21" y="-65" />
                </Offset>
              </Anchor>
            </Anchors>
            <Layers>
              <Layer>
                <FontString name="$parentLabel" font="Fonts\FRIZQT__.TTF" text="Message:" justifyH="LEFT">
                  <Anchors>
                    <Anchor point="TOPLEFT" />
                    <Anchor point="BOTTOMRIGHT" />
                  </Anchors>
                  <FontHeight>
                    <AbsValue val="12" />
                  </FontHeight>
                  <Color r="1" g="0.8196079" b="0" />
                  <Shadow>
                    <Color r="0" g="0" b="0" />
                    <Offset>
                      <AbsDimension x="1" y="-1" />
                    </Offset>
                  </Shadow>
                </FontString>
              </Layer>
            </Layers>
          </Frame>
          <Button name="spamBtn" text="Spam">
            <!--<FrameSkin skinid="dcb143e1-a4ab-4e7c-b934-1efa40101d21" frameid="2d508884-59c2-4f83-ae10-27aaad48391b" />-->
            <Size>
              <AbsDimension x="76" y="26" />
            </Size>
            <Anchors>
              <Anchor point="TOPLEFT">
                <Offset>
                  <AbsDimension x="226" y="-132" />
                </Offset>
              </Anchor>
            </Anchors>
            <Scripts>
              <OnClick>AutoInvite_Spam();
</OnClick>
            </Scripts>
            <NormalTexture file="Interface\Buttons\UI-Panel-Button-Up">
              <TexCoords left="0" right="0.625" top="0" bottom="0.6875" />
            </NormalTexture>
            <PushedTexture file="Interface\Buttons\UI-Panel-Button-Down">
              <TexCoords left="0" right="0.625" top="0" bottom="0.6875" />
            </PushedTexture>
            <DisabledTexture file="Interface\Buttons\UI-Panel-Button-Disabled">
              <TexCoords left="0" right="0.625" top="0" bottom="0.6875" />
            </DisabledTexture>
            <HighlightTexture file="Interface\Buttons\UI-Panel-Button-Highlight" alphaMode="ADD">
              <TexCoords left="0" right="0.625" top="0" bottom="0.6875" />
            </HighlightTexture>
            <ButtonText name="$parentText">
              <FontHeight>
                <AbsValue val="10" />
              </FontHeight>
            </ButtonText>
            <NormalFont style="GameFontNormal" />
            <HighlightFont style="GameFontHighlight" />
            <DisabledFont style="GameFontDisable" />
          </Button>
          <CheckButton name="snTrade">
            <!--<FrameSkin skinid="dcb143e1-a4ab-4e7c-b934-1efa40101d21" frameid="2d508886-59c2-4f83-ae10-27aaad48391b"><Property name="Size">&lt;?xml version="1.0"?&gt;
&lt;Size xmlns:xsi="http://www.w3.org/2001/XMLSchema-instance" xmlns:xsd="http://www.w3.org/2001/XMLSchema"&gt;
  &lt;Width&gt;20&lt;/Width&gt;
  &lt;Height&gt;20&lt;/Height&gt;
&lt;/Size&gt;</Property></FrameSkin>-->
            <Size>
              <AbsDimension x="32" y="32" />
            </Size>
            <Anchors>
              <Anchor point="TOPLEFT">
                <Offset>
                  <AbsDimension x="20" y="-158" />
                </Offset>
              </Anchor>
            </Anchors>
            <Layers>
              <Layer>
                <FontString name="$parentText" font="Fonts\FRIZQT__.TTF">
                  <Anchors>
                    <Anchor point="LEFT" relativePoint="RIGHT">
                      <Offset>
                        <AbsDimension x="-2" y="0" />
                      </Offset>
                    </Anchor>
                  </Anchors>
                  <FontHeight>
                    <AbsValue val="10" />
                  </FontHeight>
                  <Color r="1" g="0.8196079" b="0" />
                  <Shadow>
                    <Color r="0" g="0" b="0" />
                    <Offset>
                      <AbsDimension x="1" y="-1" />
                    </Offset>
                  </Shadow>
                </FontString>
              </Layer>
            </Layers>
            <Scripts>
              <OnClick>AutoInvite_CheckBoxes();
</OnClick>
            </Scripts>
            <NormalTexture file="Interface\Buttons\UI-CheckBox-Up" />
            <PushedTexture file="Interface\Buttons\UI-CheckBox-Down" />
            <HighlightTexture file="Interface\Buttons\UI-CheckBox-Highlight" alphaMode="ADD" />
            <CheckedTexture file="Interface\Buttons\UI-CheckBox-Check" />
            <DisabledCheckedTexture file="Interface\Buttons\UI-CheckBox-Check-Disabled" />
          </CheckButton>
          <CheckButton name="snLFG">
            <!--<FrameSkin skinid="dcb143e1-a4ab-4e7c-b934-1efa40101d21" frameid="2d508886-59c2-4f83-ae10-27aaad48391b"><Property name="Size">&lt;?xml version="1.0"?&gt;
&lt;Size xmlns:xsi="http://www.w3.org/2001/XMLSchema-instance" xmlns:xsd="http://www.w3.org/2001/XMLSchema"&gt;
  &lt;Width&gt;20&lt;/Width&gt;
  &lt;Height&gt;20&lt;/Height&gt;
&lt;/Size&gt;</Property></FrameSkin>-->
            <Size>
              <AbsDimension x="32" y="32" />
            </Size>
            <Anchors>
              <Anchor point="TOPLEFT">
                <Offset>
                  <AbsDimension x="19" y="-180" />
                </Offset>
              </Anchor>
            </Anchors>
            <Layers>
              <Layer>
                <FontString name="$parentText" font="Fonts\FRIZQT__.TTF">
                  <Anchors>
                    <Anchor point="LEFT" relativePoint="RIGHT">
                      <Offset>
                        <AbsDimension x="-2" y="0" />
                      </Offset>
                    </Anchor>
                  </Anchors>
                  <FontHeight>
                    <AbsValue val="10" />
                  </FontHeight>
                  <Color r="1" g="0.8196079" b="0" />
                  <Shadow>
                    <Color r="0" g="0" b="0" />
                    <Offset>
                      <AbsDimension x="1" y="-1" />
                    </Offset>
                  </Shadow>
                </FontString>
              </Layer>
            </Layers>
            <Scripts>
              <OnClick>AutoInvite_CheckBoxes();
</OnClick>
            </Scripts>
            <NormalTexture file="Interface\Buttons\UI-CheckBox-Up" />
            <PushedTexture file="Interface\Buttons\UI-CheckBox-Down" />
            <HighlightTexture file="Interface\Buttons\UI-CheckBox-Highlight" alphaMode="ADD" />
            <CheckedTexture file="Interface\Buttons\UI-CheckBox-Check" />
            <DisabledCheckedTexture file="Interface\Buttons\UI-CheckBox-Check-Disabled" />
          </CheckButton>
          <CheckButton name="snCustom">
            <!--<FrameSkin skinid="dcb143e1-a4ab-4e7c-b934-1efa40101d21" frameid="2d508886-59c2-4f83-ae10-27aaad48391b"><Property name="Size">&lt;?xml version="1.0"?&gt;
&lt;Size xmlns:xsi="http://www.w3.org/2001/XMLSchema-instance" xmlns:xsd="http://www.w3.org/2001/XMLSchema"&gt;
  &lt;Width&gt;20&lt;/Width&gt;
  &lt;Height&gt;20&lt;/Height&gt;
&lt;/Size&gt;</Property></FrameSkin>-->
            <Size>
              <AbsDimension x="32" y="32" />
            </Size>
            <Anchors>
              <Anchor point="TOPLEFT">
                <Offset>
                  <AbsDimension x="122" y="-179" />
                </Offset>
              </Anchor>
            </Anchors>
            <Layers>
              <Layer>
                <FontString name="$parentText" font="Fonts\FRIZQT__.TTF">
                  <Anchors>
                    <Anchor point="LEFT" relativePoint="RIGHT">
                      <Offset>
                        <AbsDimension x="-2" y="0" />
                      </Offset>
                    </Anchor>
                  </Anchors>
                  <FontHeight>
                    <AbsValue val="10" />
                  </FontHeight>
                  <Color r="1" g="0.8196079" b="0" />
                  <Shadow>
                    <Color r="0" g="0" b="0" />
                    <Offset>
                      <AbsDimension x="1" y="-1" />
                    </Offset>
                  </Shadow>
                </FontString>
              </Layer>
            </Layers>
            <Scripts>
              <OnClick>AutoInvite_CheckBoxes();
</OnClick>
            </Scripts>
            <NormalTexture file="Interface\Buttons\UI-CheckBox-Up" />
            <PushedTexture file="Interface\Buttons\UI-CheckBox-Down" />
            <HighlightTexture file="Interface\Buttons\UI-CheckBox-Highlight" alphaMode="ADD" />
            <CheckedTexture file="Interface\Buttons\UI-CheckBox-Check" />
            <DisabledCheckedTexture file="Interface\Buttons\UI-CheckBox-Check-Disabled" />
          </CheckButton>
          <CheckButton name="snSay">
            <!--<FrameSkin skinid="dcb143e1-a4ab-4e7c-b934-1efa40101d21" frameid="2d508886-59c2-4f83-ae10-27aaad48391b"><Property name="Size">&lt;?xml version="1.0"?&gt;
&lt;Size xmlns:xsi="http://www.w3.org/2001/XMLSchema-instance" xmlns:xsd="http://www.w3.org/2001/XMLSchema"&gt;
  &lt;Width&gt;20&lt;/Width&gt;
  &lt;Height&gt;20&lt;/Height&gt;
&lt;/Size&gt;</Property></FrameSkin>-->
            <Size>
              <AbsDimension x="32" y="32" />
            </Size>
            <Anchors>
              <Anchor point="TOPLEFT">
                <Offset>
                  <AbsDimension x="122" y="-158" />
                </Offset>
              </Anchor>
            </Anchors>
            <Layers>
              <Layer>
                <FontString name="$parentText" font="Fonts\FRIZQT__.TTF">
                  <Anchors>
                    <Anchor point="LEFT" relativePoint="RIGHT">
                      <Offset>
                        <AbsDimension x="-2" y="0" />
                      </Offset>
                    </Anchor>
                  </Anchors>
                  <FontHeight>
                    <AbsValue val="10" />
                  </FontHeight>
                  <Color r="1" g="0.8196079" b="0" />
                  <Shadow>
                    <Color r="0" g="0" b="0" />
                    <Offset>
                      <AbsDimension x="1" y="-1" />
                    </Offset>
                  </Shadow>
                </FontString>
              </Layer>
            </Layers>
            <Scripts>
              <OnClick>AutoInvite_CheckBoxes();
</OnClick>
            </Scripts>
            <NormalTexture file="Interface\Buttons\UI-CheckBox-Up" />
            <PushedTexture file="Interface\Buttons\UI-CheckBox-Down" />
            <HighlightTexture file="Interface\Buttons\UI-CheckBox-Highlight" alphaMode="ADD" />
            <CheckedTexture file="Interface\Buttons\UI-CheckBox-Check" />
            <DisabledCheckedTexture file="Interface\Buttons\UI-CheckBox-Check-Disabled" />
          </CheckButton>
          <Frame name="$parentComponent4">
            <!--<FrameSkin skinid="f15d4970-d66d-444e-bb2d-1ad102c87fed" frameid="f15d4978-d66d-444e-bb2d-1ad102c87fed" />-->
            <Size>
              <AbsDimension x="55" y="15" />
            </Size>
            <Anchors>
              <Anchor point="TOPLEFT">
                <Offset>
                  <AbsDimension x="149" y="-184" />
                </Offset>
              </Anchor>
            </Anchors>
            <Layers>
              <Layer>
                <FontString name="$parentLabel" setAllPoints="true" font="Fonts\FRIZQT__.TTF" text="Custom" justifyH="LEFT">
                  <FontHeight>
                    <AbsValue val="12" />
                  </FontHeight>
                  <Color r="1" g="1" b="1" />
                  <Shadow>
                    <Color r="0" g="0" b="0" />
                    <Offset>
                      <AbsDimension x="1" y="-1" />
                    </Offset>
                  </Shadow>
                </FontString>
              </Layer>
            </Layers>
          </Frame>
          <Frame name="tradelabel">
            <!--<FrameSkin skinid="f15d4970-d66d-444e-bb2d-1ad102c87fed" frameid="f15d4978-d66d-444e-bb2d-1ad102c87fed" />-->
            <Size>
              <AbsDimension x="55" y="15" />
            </Size>
            <Anchors>
              <Anchor point="TOPLEFT">
                <Offset>
                  <AbsDimension x="48" y="-164" />
                </Offset>
              </Anchor>
            </Anchors>
            <Layers>
              <Layer>
                <FontString name="$parentLabel" setAllPoints="true" font="Fonts\FRIZQT__.TTF" text="Trade" justifyH="LEFT">
                  <FontHeight>
                    <AbsValue val="12" />
                  </FontHeight>
                  <Color r="1" g="1" b="1" />
                  <Shadow>
                    <Color r="0" g="0" b="0" />
                    <Offset>
                      <AbsDimension x="1" y="-1" />
                    </Offset>
                  </Shadow>
                </FontString>
              </Layer>
            </Layers>
          </Frame>
          <Frame name="guildlabel">
            <!--<FrameSkin skinid="f15d4970-d66d-444e-bb2d-1ad102c87fed" frameid="f15d4978-d66d-444e-bb2d-1ad102c87fed" />-->
            <Size>
              <AbsDimension x="55" y="15" />
            </Size>
            <Anchors>
              <Anchor point="TOPLEFT">
                <Offset>
                  <AbsDimension x="149" y="-143" />
                </Offset>
              </Anchor>
            </Anchors>
            <Layers>
              <Layer>
                <FontString name="$parentLabel" setAllPoints="true" font="Fonts\FRIZQT__.TTF" text="Guild" justifyH="LEFT">
                  <FontHeight>
                    <AbsValue val="12" />
                  </FontHeight>
                  <Color r="1" g="1" b="1" />
                  <Shadow>
                    <Color r="0" g="0" b="0" />
                    <Offset>
                      <AbsDimension x="1" y="-1" />
                    </Offset>
                  </Shadow>
                </FontString>
              </Layer>
            </Layers>
          </Frame>
          <Frame name="lfglabel">
            <!--<FrameSkin skinid="f15d4970-d66d-444e-bb2d-1ad102c87fed" frameid="f15d4978-d66d-444e-bb2d-1ad102c87fed" />-->
            <Size>
              <AbsDimension x="70" y="15" />
            </Size>
            <Anchors>
              <Anchor point="TOPLEFT">
                <Offset>
                  <AbsDimension x="46" y="-185" />
                </Offset>
              </Anchor>
            </Anchors>
            <Layers>
              <Layer>
                <FontString name="$parentLabel" setAllPoints="true" font="Fonts\FRIZQT__.TTF" text="LFG" justifyH="LEFT">
                  <FontHeight>
                    <AbsValue val="12" />
                  </FontHeight>
                  <Color r="1" g="1" b="1" />
                  <Shadow>
                    <Color r="0" g="0" b="0" />
                    <Offset>
                      <AbsDimension x="1" y="-1" />
                    </Offset>
                  </Shadow>
                </FontString>
              </Layer>
            </Layers>
          </Frame>
          <EditBox name="snCustomChan" enableMouse="true">
            <!--<FrameSkin skinid="dcb143e1-a4ab-4e7c-b934-1efa40101d21" frameid="2d508887-59c2-4f83-ae10-27aaad48391b" />-->
            <Size>
              <AbsDimension x="122" y="20" />
            </Size>
            <Anchors>
              <Anchor point="TOPLEFT">
                <Offset>
                  <AbsDimension x="226" y="-180" />
                </Offset>
              </Anchor>
            </Anchors>
            <Layers>
              <Layer level="BACKGROUND">
                <Texture name="$parentLeft" file="Interface\Common\Common-Input-Border">
                  <Size>
                    <AbsDimension x="8" y="20" />
                  </Size>
                  <Anchors>
                    <Anchor point="LEFT" />
                  </Anchors>
                  <TexCoords left="0" right="0.0625" top="0" bottom="0.625" />
                </Texture>
                <Texture name="$parentRight" file="Interface\Common\Common-Input-Border">
                  <Size>
                    <AbsDimension x="8" y="20" />
                  </Size>
                  <Anchors>
                    <Anchor point="RIGHT" />
                  </Anchors>
                  <TexCoords left="0.9375" right="1" top="0" bottom="0.625" />
                </Texture>
                <Texture name="$parentMiddle" file="Interface\Common\Common-Input-Border">
                  <Size>
                    <AbsDimension x="10" y="20" />
                  </Size>
                  <Anchors>
                    <Anchor point="LEFT" relativeTo="$parentLeft" relativePoint="RIGHT" />
                    <Anchor point="RIGHT" relativeTo="$parentRight" relativePoint="LEFT" />
                  </Anchors>
                  <TexCoords left="0.0625" right="0.9375" top="0" bottom="0.625" />
                </Texture>
              </Layer>
            </Layers>
            <Scripts>
              <OnUpdate>AutoInvite_editUpdate();
</OnUpdate>
              <OnHide>snCustomChan:ClearFocus();
</OnHide>
              <OnEnterPressed>snCustomChan:ClearFocus();
</OnEnterPressed>
              <OnEscapePressed>snCustomChan:ClearFocus();
</OnEscapePressed>
            </Scripts>
            <FontString font="Fonts\ARIALN.TTF">
              <FontHeight>
                <AbsValue val="14" />
              </FontHeight>
              <Color r="1" g="1" b="1" />
              <Shadow>
                <Color r="0" g="0" b="0" />
                <Offset>
                  <AbsDimension x="1" y="-1" />
                </Offset>
              </Shadow>
            </FontString>
          </EditBox>
          <Frame name="$parentComponent1">
            <!--<FrameSkin skinid="f15d4970-d66d-444e-bb2d-1ad102c87fed" frameid="f15d4978-d66d-444e-bb2d-1ad102c87fed" />-->
            <Size>
              <AbsDimension x="76" y="15" />
            </Size>
            <Anchors>
              <Anchor point="TOPLEFT">
                <Offset>
                  <AbsDimension x="47" y="-143" />
                </Offset>
              </Anchor>
            </Anchors>
            <Layers>
              <Layer>
                <FontString name="$parentLabel" setAllPoints="true" font="Fonts\FRIZQT__.TTF" text="General" justifyH="LEFT">
                  <FontHeight>
                    <AbsValue val="12" />
                  </FontHeight>
                  <Color r="1" g="1" b="1" />
                  <Shadow>
                    <Color r="0" g="0" b="0" />
                    <Offset>
                      <AbsDimension x="1" y="-1" />
                    </Offset>
                  </Shadow>
                </FontString>
              </Layer>
            </Layers>
          </Frame>
          <CheckButton name="snGeneral">
            <!--<FrameSkin skinid="dcb143e1-a4ab-4e7c-b934-1efa40101d21" frameid="2d508886-59c2-4f83-ae10-27aaad48391b"><Property name="Size">&lt;?xml version="1.0"?&gt;
&lt;Size xmlns:xsi="http://www.w3.org/2001/XMLSchema-instance" xmlns:xsd="http://www.w3.org/2001/XMLSchema"&gt;
  &lt;Width&gt;20&lt;/Width&gt;
  &lt;Height&gt;20&lt;/Height&gt;
&lt;/Size&gt;</Property></FrameSkin>-->
            <Size>
              <AbsDimension x="32" y="32" />
            </Size>
            <Anchors>
              <Anchor point="TOPLEFT">
                <Offset>
                  <AbsDimension x="20" y="-138" />
                </Offset>
              </Anchor>
            </Anchors>
            <Layers>
              <Layer>
                <FontString name="$parentText" font="Fonts\FRIZQT__.TTF">
                  <Anchors>
                    <Anchor point="LEFT" relativePoint="RIGHT">
                      <Offset>
                        <AbsDimension x="-2" y="0" />
                      </Offset>
                    </Anchor>
                  </Anchors>
                  <FontHeight>
                    <AbsValue val="10" />
                  </FontHeight>
                  <Color r="1" g="0.8196079" b="0" />
                  <Shadow>
                    <Color r="0" g="0" b="0" />
                    <Offset>
                      <AbsDimension x="1" y="-1" />
                    </Offset>
                  </Shadow>
                </FontString>
              </Layer>
            </Layers>
            <Scripts>
              <OnClick>AutoInvite_CheckBoxes();
</OnClick>
            </Scripts>
            <NormalTexture file="Interface\Buttons\UI-CheckBox-Up" />
            <PushedTexture file="Interface\Buttons\UI-CheckBox-Down" />
            <HighlightTexture file="Interface\Buttons\UI-CheckBox-Highlight" alphaMode="ADD" />
            <CheckedTexture file="Interface\Buttons\UI-CheckBox-Check" />
            <DisabledCheckedTexture file="Interface\Buttons\UI-CheckBox-Check-Disabled" />
          </CheckButton>
        </Frames>
      </Frame>
    </Frames>
    <Scripts>
      <OnLoad>AutoInvite_OnLoad();
</OnLoad>
      <OnEvent>AutoInvite_OnComms(self, event, ...);
</OnEvent>
      <OnHide>AutoInvite_ClearFoci();
</OnHide>
      <OnMouseDown>self:StartMoving();
</OnMouseDown>
      <OnMouseUp>self:StopMovingOrSizing();
</OnMouseUp>
      <OnEscapePressed>self:Hide();
</OnEscapePressed>
    </Scripts>
  </Frame>
</Ui>