<Ui xmlns="http://www.blizzard.com/wow/ui/" xmlns:xsi="http://www.w3.org/2001/XMLSchema-instance" xsi:schemaLocation="http://www.blizzard.com/wow/ui/
..\FrameXML\UI.xsd">
	<Script file="Tweaks.lua" />
	<Script file="Damage.lua" />
	<Script file="DamageTaken.lua" />
	<Script file="FriendlyFire.lua" />
	<Script file="Enemies.lua" />
	<Script file="Healing.lua" />
	<Script file="Absorbs.lua" />
	<Script file="Power.lua" />
	<Script file="CCTracker.lua" />
	<Script file="Auras.lua" />
	<Script file="SunderCounter.lua" />
	<Script file="Activity.lua" />
	<Script file="Comparison.lua" />
	<Script file="Deaths.lua" />
	<Script file="Dispels.lua" />
	<Script file="Failbot.lua" />
	<Script file="Healthstone.lua" />
	<Script file="Interrupts.lua" />
	<Script file="MySpells.lua" />
	<Script file="Parry.lua" />
	<Script file="Potions.lua" />
	<Script file="Resurrects.lua" />
	<Script file="Threat.lua" />
	<Script file="Nickname.lua" />
	<Script file="PvP.lua" />
</Ui>
