<Ui xmlns="http://www.blizzard.com/wow/ui/" xmlns:xsi="http://www.w3.org/2001/XMLSchema-instance" xsi:schemaLocation="http://www.blizzard.com/wow/ui/
..\FrameXML\UI.xsd">
<!--@no-lib-strip@-->
<Script file="LibStub\LibStub.lua"/>
<Script file="CallbackHandler-1.0\CallbackHandler-1.0.lua"/>
<Script file="AceAddon-3.0\AceAddon-3.0.lua"/>
<Script file="AceEvent-3.0\AceEvent-3.0.lua"/>
<Script file="AceDB-3.0\AceDB-3.0.lua"/>
<Script file="AceLocale-3.0\AceLocale-3.0.lua"/>
<Script file="AceConsole-3.0\AceConsole-3.0.lua"/>
<!--@end-no-lib-strip@-->
<Script file="FlyPaper\FlyPaper.lua"/>
<Script file="LibSharedMedia-3.0\LibSharedMedia-3.0.lua"/>
<Include file="LibKeyBound-1.0\lib.xml"/>
</Ui>