<Ui xmlns="http://www.blizzard.com/wow/ui/">
  <Script  file="LibStub\LibStub.lua" />
  <Script  file="AceAddon-3.0\AceAddon-3.0.lua" />
  <Script  file="AceConsole-3.0\AceConsole-3.0.lua" />
  <Script  file="AceDB-3.0\AceDB-3.0.lua" />
  <Script  file="AceDBOptions-3.0\AceDBOptions-3.0.lua" />
  <Script  file="CallbackHandler-1.0\CallbackHandler-1.0.lua" />
  <Include file="AceGUI-3.0\AceGUI-3.0.xml" />
  <Include file="AceConfig-3.0\AceConfig-3.0.xml" />
  <Script  file="LibSharedMedia-3.0\LibSharedMedia-3.0.lua" />
  <Include file="AceGUI-3.0-SharedMediaWidgets\widget.xml" />
  <Include file="LibDualSpec-1.0\LibDualSpec-1.0.lua" />
  <Include file="UTF8\UTF8.xml" />
</Ui>