<Ui xmlns="http://www.blizzard.com/wow/ui/" xmlns:xsi="http://www.w3.org/2001/XMLSchema-instance" xsi:schemaLocation="http://www.blizzard.com/wow/ui/
..\FrameXML\UI.xsd">
<Script file="Libs\LibStub\LibStub.lua" />
<Script file="Libs\CallbackHandler-1.0\CallbackHandler-1.0.lua" />
<Script file="Libs\AceAddon-3.0\AceAddon-3.0.lua" />
<Script file="Libs\AceEvent-3.0\AceEvent-3.0.lua" />
<Script file="Libs\AceDB-3.0\AceDB-3.0.lua" />
<Include file="Libs\AceGUI-3.0\AceGUI-3.0.xml"/>
<Include file="Libs\AceConfig-3.0\AceConfig-3.0.xml"/>
<Script file="Libs\LibSharedMedia-3.0\LibSharedMedia-3.0.lua"/>
<Include file="Libs\AceGUI-3.0-SharedMediaWidgets\widget.xml"/>
<Include file="Libs\LibGroupTalents-1.0\lib.xml"/>
<Script file="Libs\LibBars-1.0\LibBars-1.0.lua" />
</Ui>